 [  {"title":"100% Employment","authorname":"Mr Nitish V Kulkarni","description":"This Blog is based on problem of unemployment specially who are willing to work but not getting opportinity","link":"\/abcd1","pfile":"emp.jpg","date":"2023-10-05"},


{"title":"Education for Everyone","authorname":"Mr D S Patil","description":"This Blog is based on problem of illiteracy specially who are willing to learn but not getting facility","link":"\/abcd2","pfile":"edfa.png","date":"2023-10-05"},


{"title":"Road Development","authorname":"M V Deshpande ","description":"This Blog is based on bad quality of roads specially who are living in small towns facing this problem","link":"\/abcd3","pfile":"rdev.jpg","date":"2023-10-05"},


{"title":"Waste Management","authorname":"Mr Ajay G Kumar","description":"This Blog is based on poor waste management sytem specially in metro cities this is big problem","link":"\/abcd4","pfile":"waste-management.jpg","date":"2023-10-05"},


{"title":"Startup New Business","authorname":"Mr R K Singh","description":"This article is based on challange faced by people in starting new venture specially financial problems","link":"\/abcd5","pfile":"startup.jpg","date":"2023-10-05"},


{"title":"Transperant Administration","authorname":"Mr Kishor S Gaikwad","description":"This Blog is based on challanges faced by common people while getting work done from goverment employees","link":"\/abcde6","pfile":"say-no-to-corruption.png","date":"2023-10-05"},

{"title":"Crime Free Society","authorname":"Mr Rajaram V Shinde","description":"Blog tells us how to prevent youth from being criminals specially poor youngsters","link":"\/abcde7","pfile":"stop_crime.jpg","date":"2023-10-05"},

{"title":"Woman Social Issues","authorname":"Mrs Aruna S Shetty","description":"This blog is based on problems faced by women specially rural woman facing poverty & unemployment","link":"\/abcd8","pfile":"womenemp.jpeg","date":"2023-10-05"},

{"title":"Good Public Healthcare","authorname":"Dr Niranjan J Saksena","description":"This blog is based on how to make government hospital more efficient & poor people will get quality treatment","link":"\/abcd9","pfile":"publichealth.jpg","date":"2023-10-05"},

{"title":"Excellent Public Transport","authorname":"Mr Haridas R Sasane","description":"This blog is based on traffic jams faced by people & how use of public transport can solve problem","link":"\/abcd10","pfile":"publictrans.jpg","date":"2023-10-05"}

] 